source_id,title,author,source_archive,source_collection,landing_page_url,download_url,ebook_id,language,period_bucket,approx_date,genre,text_kind,inclusion_status,public_domain_status,license_notes,edition_notes,source_release_date,source_last_updated,expected_clean_text_path,token_count_report_path,split,boilerplate_strategy,mixed_text_strategy,cleaning_notes,audit_notes
pg_sidrac_44549,Il libro di Sidrach: testo inedito del secolo XIV,Sidrac / anonymous tradition,Project Gutenberg,Project Gutenberg Italian,https://www.gutenberg.org/ebooks/44549,,44549,Italian,tier_a_b_borderline,XIV secolo,encyclopedic / philosophical prose,prose,defer,Public domain in the USA,Project Gutenberg public-domain status on landing page.,Record full source edition notes during metadata probe.,,,data/processed/pretraining/pg_sidrac_44549.txt,,excluded,strip Project Gutenberg header and footer,,Do not use without a separately audited source-specific extraction.,Deferred: 1868 editorial apparatus remains throughout the candidate primary span.
pg_villani_cronica_vol1_69898,Cronica di Matteo Villani: volume 1,Matteo Villani,Project Gutenberg,Project Gutenberg Italian,https://www.gutenberg.org/ebooks/69898,,69898,Italian,tier_a_pre_1375,XIV secolo,chronicle prose,prose,include_probe,Public domain in the USA,Project Gutenberg public-domain status on landing page.,Record full source edition notes during metadata probe.,,,data/processed/pretraining/pg_villani_cronica_vol1_69898.txt,,,strip Project Gutenberg header and footer,,Preserve source spelling and punctuation after boilerplate removal.,Find and add related volumes after the first metadata probe works.
pg_jacopo_alighieri_chiose_30766,Chiose alla cantica dell'Inferno di Dante Alighieri,Jacopo Alighieri,Project Gutenberg,Project Gutenberg Italian,https://www.gutenberg.org/ebooks/30766,,30766,Italian,tier_a_b_borderline,XIV secolo text with later edition,commentary prose,prose,include_probe,Public domain in the USA,Project Gutenberg public-domain status on landing page.,Record full source edition notes during metadata probe.,,,data/processed/pretraining/pg_jacopo_alighieri_chiose_30766.txt,,,strip Project Gutenberg header and footer,,Remove modern introduction if separable from primary commentary text.,Useful old commentary prose but needs editor-text separation.
pg_caterina_dialogo_26961,Libro della divina dottrina: Dialogo della divina provvidenza,Caterina da Siena,Project Gutenberg,Project Gutenberg Italian,https://www.gutenberg.org/ebooks/26961,,26961,Italian,tier_b_1376_1400,late XIV secolo,mystical / spiritual prose,prose,include_probe,Public domain in the USA,Project Gutenberg public-domain status on landing page.,Keep Biblioteca Italiana provenance note from Project Gutenberg metadata.,,,data/processed/pretraining/pg_caterina_dialogo_26961.txt,,,strip Project Gutenberg header and footer,,Preserve source spelling and punctuation after boilerplate removal.,Strong late-fourteenth-century prose candidate.
pg_dante_vita_nuova_71218,La vita nuova,Dante Alighieri,Project Gutenberg,Project Gutenberg Italian,https://www.gutenberg.org/ebooks/71218,,71218,Italian,tier_a_pre_1375,1294,mixed prose and poetry,mixed,conditional_extract_prose,Public domain in the USA,Project Gutenberg public-domain status on landing page.,Record full source edition notes during metadata probe.,,,,,,strip Project Gutenberg header and footer,extract prose sections only and exclude poems,Do not include as-is. Build only after prose extraction is implemented.,Mixed text. Conditional candidate for later prose extraction.
pg_villani_cronica_vol2_69899,Cronica di Matteo Villani: volume 2,Matteo Villani,Project Gutenberg,Project Gutenberg Italian,https://www.gutenberg.org/ebooks/69899,,69899,Italian,tier_a_pre_1375,XIV secolo,chronicle prose,prose,include_probe,Public domain in the USA,Project Gutenberg public-domain status on landing page.,"Edited by Ignazio Moutier; Magheri 1825-1826 edition; digitized from Bayerische Staatsbibliothek images by Barbara Magni and PGDP.",2023-01-29,2024-10-19,data/processed/pretraining/pg_villani_cronica_vol2_69899.txt,,,strip Project Gutenberg header and footer,,Preserve original spelling and punctuation after removing source paratext.,Verified Italian prose companion volume to eBook 69898.
pg_villani_cronica_vol3_69900,Cronica di Matteo Villani: volume 3,Matteo Villani,Project Gutenberg,Project Gutenberg Italian,https://www.gutenberg.org/ebooks/69900,,69900,Italian,tier_a_pre_1375,XIV secolo,chronicle prose,prose,include_probe,Public domain in the USA,Project Gutenberg public-domain status on landing page.,"Edited by Ignazio Moutier; Magheri 1825-1826 edition; digitized from Bayerische Staatsbibliothek images by Barbara Magni and PGDP.",2023-01-29,2024-10-19,data/processed/pretraining/pg_villani_cronica_vol3_69900.txt,,,strip Project Gutenberg header and footer,,Preserve original spelling and punctuation after removing source paratext.,Verified Italian prose companion volume to eBook 69898.
pg_villani_cronica_vol4_69901,Cronica di Matteo Villani: volume 4,Matteo Villani,Project Gutenberg,Project Gutenberg Italian,https://www.gutenberg.org/ebooks/69901,,69901,Italian,tier_a_pre_1375,XIV secolo,chronicle prose,prose,include_probe,Public domain in the USA,Project Gutenberg public-domain status on landing page.,"Edited by Ignazio Moutier; Magheri 1825-1826 edition; digitized from Bayerische Staatsbibliothek images by Barbara Magni and PGDP.",2023-01-29,2024-10-19,data/processed/pretraining/pg_villani_cronica_vol4_69901.txt,,,strip Project Gutenberg header and footer,,Preserve original spelling and punctuation after removing source paratext.,Verified Italian prose companion volume to eBook 69898.
pg_villani_cronica_vol5_69902,Cronica di Matteo Villani: volume 5,Matteo Villani,Project Gutenberg,Project Gutenberg Italian,https://www.gutenberg.org/ebooks/69902,,69902,Italian,tier_a_pre_1375,XIV secolo,chronicle prose,prose,include_probe,Public domain in the USA,Project Gutenberg public-domain status on landing page.,"Edited by Ignazio Moutier; Magheri 1825-1826 edition; digitized from Bayerische Staatsbibliothek images by Barbara Magni and PGDP.",2023-01-29,2024-10-19,data/processed/pretraining/pg_villani_cronica_vol5_69902.txt,,,strip Project Gutenberg header and footer,,Preserve original spelling and punctuation after removing source paratext.,Verified Italian prose companion volume to eBook 69898.
ll_novellino,Il Novellino,Anonymous / multiple traditions,Liber Liber,Liber Liber / Progetto Manuzio,https://liberliber.it/autori/autori-n/novellino/il-novellino/,,,Italian,tier_a_pre_1375,late XIII secolo,short prose narratives,prose,include_probe,Underlying medieval work is out of copyright; digital edition is Creative Commons licensed.,"Liber Liber digital edition license: CC BY-NC-SA 4.0; attribution, non-commercial use, and share-alike apply; https://creativecommons.org/licenses/by-nc-sa/4.0/","Rizzoli 2002 edition with Giorgio Manganelli introduction; digitization Marina Pianu; publication Claudio Paganelli; revision Umberto Corradini.",2007-04-18,,data/processed/pretraining/ll_novellino.txt,,,extract primary text from Liber Liber TXT/RTF archive and remove edition paratext,,Preserve primary-text spelling and punctuation; exclude modern introduction and metadata.,Edition includes the 100 Gualteruzzi tales and 18 Borghini additions; retain this edition fact in attribution.
ll_giovanni_villani_nuova_cronica,Nuova cronica,Giovanni Villani,Liber Liber,Liber Liber / Progetto Manuzio,https://liberliber.it/autori/autori-v/giovanni-villani/nuova-cronica/,,,Italian,tier_a_pre_1375,1308-1348,chronicle prose,prose,include_probe,Underlying medieval work is out of copyright; digital edition is Creative Commons licensed.,"Liber Liber digital edition license: CC BY-NC-SA 4.0; attribution, non-commercial use, and share-alike apply; https://creativecommons.org/licenses/by-nc-sa/4.0/","Critical edition edited by Giuseppe Porta for Fondazione Pietro Bembo / Guanda; digitization Marina De Stasio; layout Claudio Paganelli, Carlo F. Traverso, and Marco Totolo; revision Marina De Stasio and Claudio Paganelli.",1997-10-28,,data/processed/pretraining/ll_giovanni_villani_nuova_cronica.txt,,,extract primary text from Liber Liber ODT and remove edition paratext,,Preserve primary-text spelling and punctuation; exclude cover and modern metadata.,High-value complete early chronicle; do not confuse with the English Gutenberg selection.
ll_dino_compagni_cronica,Cronica delle cose occorrenti ne' tempi suoi,Dino Compagni,Liber Liber,Liber Liber / Progetto Manuzio,https://liberliber.it/autori/autori-c/dino-compagni/cronica-delle-cose-occorrenti-ne-tempi-suoi/,,,Italian,tier_a_pre_1375,1310-1312,chronicle prose,prose,include_probe,Underlying medieval work is out of copyright; digital edition is Creative Commons licensed.,"Liber Liber digital edition license: CC BY-NC-SA 4.0; attribution, non-commercial use, and share-alike apply; https://creativecommons.org/licenses/by-nc-sa/4.0/","Einaudi 1968 edition with introduction and notes by Gino Luzzatto; digitization Francesco Bonomi; publication Alberto Barberi; revision Claudia Camerini.",1996-02-11,,data/processed/pretraining/ll_dino_compagni_cronica.txt,,,extract primary text from Liber Liber archive and remove edition paratext,,Exclude modern introduction and notes where separable; preserve primary text.,Strong first-person Florentine chronicle and close period match.
ll_boccaccio_decameron_mondadori,Decameron [Mondadori],Giovanni Boccaccio,Liber Liber,Liber Liber / Progetto Manuzio,https://liberliber.it/autori/autori-b/giovanni-boccaccio/decameron-mondadori/,,,Italian,tier_a_pre_1375,1349-1353,prose novelle and frame narrative,prose,include_probe,Underlying medieval work is out of copyright; digital edition is Creative Commons licensed.,"Liber Liber digital edition license: CC BY-NC-SA 4.0; attribution, non-commercial use, and share-alike apply; https://creativecommons.org/licenses/by-nc-sa/4.0/","Mondadori 1985 critical edition edited by Vittore Branca; digitization Vittorio Volpi; publication Claudio Paganelli; revision Serafino Balduzzi.",2009-09-14,,data/processed/pretraining/ll_boccaccio_decameron_mondadori.txt,,,extract primary text from Liber Liber TXT/RTF archive and remove edition paratext,,Exclude modern introduction and metadata; preserve the primary text.,Use only this Decameron edition to avoid duplicate training text.
ll_boccaccio_filocolo,Filocolo,Giovanni Boccaccio,Liber Liber,Liber Liber / Progetto Manuzio,https://liberliber.it/autori/autori-b/giovanni-boccaccio/filocolo/,,,Italian,tier_a_pre_1375,1336-1338,prose romance,prose,include_probe,Underlying medieval work is out of copyright; digital edition is Creative Commons licensed.,"Liber Liber digital edition license: CC BY-NC-SA 4.0; attribution, non-commercial use, and share-alike apply; https://creativecommons.org/licenses/by-nc-sa/4.0/","Mondadori 1998 edition edited by Antonio Enzo Quaglio; digitization and revision Stefano D'Urso; publication Marco Calvo.",,,data/processed/pretraining/ll_boccaccio_filocolo.txt,,,extract primary text from Liber Liber TXT/RTF archive and remove edition paratext,,Exclude modern editorial material; preserve primary-text spelling and punctuation.,Large early Boccaccio prose work.
ll_boccaccio_elegia_fiammetta,Elegia di Madonna Fiammetta,Giovanni Boccaccio,Liber Liber,Liber Liber / Progetto Manuzio,https://liberliber.it/autori/autori-b/giovanni-boccaccio/elegia-di-madonna-fiammetta/,,,Italian,tier_a_pre_1375,1343-1344,prose fiction,prose,include_probe,Underlying medieval work is out of copyright; digital edition is Creative Commons licensed.,"Liber Liber digital edition license: CC BY-NC-SA 4.0; attribution, non-commercial use, and share-alike apply; https://creativecommons.org/licenses/by-nc-sa/4.0/","Garzanti 1988 reference edition; publication permission credited to Giuseppe Bonghi and Biblioteca dei Classici Italiani; digitization Carlo F. Traverso; revision Franco Perini and Giuseppe Bonghi.",2014-02-27,,data/processed/pretraining/ll_boccaccio_elegia_fiammetta.txt,,,extract primary text from Liber Liber ODT and remove edition paratext,,Exclude modern editorial material; preserve primary-text spelling and punctuation.,License and third-party publication-permission attribution must remain explicit.
ll_boccaccio_trattatello,Trattatello in laude di Dante,Giovanni Boccaccio,Liber Liber,Liber Liber / Progetto Manuzio,https://liberliber.it/autori/autori-b/giovanni-boccaccio/trattatello-in-laude-di-dante/,,,Italian,tier_a_pre_1375,c. 1351-1374,literary biography and criticism,prose,include_probe,Underlying medieval work is out of copyright; digital edition is Creative Commons licensed.,"Liber Liber digital edition license: CC BY-NC-SA 4.0; attribution, non-commercial use, and share-alike apply; https://creativecommons.org/licenses/by-nc-sa/4.0/","Garzanti 1995 edition; digitization Francesco Bonomi; revision Giampaolo Giuseppe Rugo.",1996-01-08,,data/processed/pretraining/ll_boccaccio_trattatello.txt,,,extract primary text from Liber Liber TXT/RTF archive and remove edition paratext,,Exclude modern editorial material; preserve primary-text spelling and punctuation.,Period-compatible biographical and critical prose.
ll_sacchetti_trecentonovelle,Il Trecentonovelle,Franco Sacchetti,Liber Liber,Liber Liber / Progetto Manuzio,https://liberliber.it/autori/autori-s/franco-sacchetti/il-trecentonovelle/,,,Italian,tier_b_1376_1400,c. 1392-1400,prose novelle,prose,include_probe,Underlying medieval work is out of copyright; digital edition is Creative Commons licensed.,"Liber Liber digital edition license: CC BY-NC-SA 4.0; attribution, non-commercial use, and share-alike apply; https://creativecommons.org/licenses/by-nc-sa/4.0/","Einaudi 1970 edition edited by Emilio Faccioli; digitization Roberto Gagliardi; layout Carlo F. Traverso and Marco Totolo; publication Marco Calvo; revision Edda Valsecchi.",1999-03-26,,data/processed/pretraining/ll_sacchetti_trecentonovelle.txt,,,extract primary text from Liber Liber ODT and remove edition paratext,,Preserve dialectal and spoken-language features; exclude modern metadata.,Late-fourteenth-century prose with strong colloquial variety.
ll_sercambi_novelle,Novelle,Giovanni Sercambi,Liber Liber,Liber Liber / Progetto Manuzio,https://liberliber.it/autori/autori-s/giovanni-sercambi/novelle/,,,Italian,tier_c_1401_1600,c. 1374-1424,mixed prose and poetry,mixed,conditional_extract_prose,Underlying medieval work is out of copyright; digital edition is Creative Commons licensed.,"Liber Liber digital edition license: CC BY-NC-SA 4.0; attribution, non-commercial use, and share-alike apply; https://creativecommons.org/licenses/by-nc-sa/4.0/","Laterza 1972 edition edited by Giovanni Sinicropi; digitization Giuseppe Bonghi; publication and revision Claudio Paganelli.",2006-08-28,,data/processed/pretraining/ll_sercambi_novelle_prose.txt,,,extract primary text from Liber Liber archive and remove edition paratext,remove all poetic interludes while preserving the prose frame and novelle,Preserve Lucchese prose features; document every removed poetic range.,Conditional because the work contains numerous poetic interludes.
ll_bandello_novelle,Novelle,Matteo Bandello,Liber Liber,Liber Liber / Progetto Manuzio,https://liberliber.it/autori/autori-b/matteo-bandello/novelle/,,,Italian,tier_c_1401_1600,1554-1573,prose novelle,prose,include_probe,Underlying Renaissance work is out of copyright; digital edition is Creative Commons licensed.,"Liber Liber digital edition license: CC BY-NC-SA 4.0; attribution, non-commercial use, and share-alike apply; https://creativecommons.org/licenses/by-nc-sa/4.0/","Mondadori 1943 Tutte le opere di Matteo Bandello; digitization Giuseppe Bonghi; publication Marco Calvo; revision Claudio Paganelli and Catia Righi.",2002-09-14,,data/processed/pretraining/ll_bandello_novelle.txt,,,extract primary text from Liber Liber TXT archive and remove edition paratext,,Preserve primary-text spelling and punctuation; exclude site and edition metadata.,Complete 214-novella collection; prose-only Tier C scale source.
ll_bembo_asolani,Gli Asolani,Pietro Bembo,Liber Liber,Liber Liber / Progetto Manuzio,https://liberliber.it/autori/autori-b/pietro-bembo/gli-asolani/,,,Italian,tier_c_1401_1600,1505 / revised 1530,literary prose dialogue,prose,include_probe,Underlying Renaissance work is out of copyright; digital edition is Creative Commons licensed.,"Liber Liber digital edition license: CC BY-NC-SA 4.0; attribution, non-commercial use, and share-alike apply; https://creativecommons.org/licenses/by-nc-sa/4.0/","TEA 1989 edition licensed from UTET 1966 and edited by Carlo Dionisotti; digitization Claudio Paganelli; publication Alberto Barberi; revision Giuseppe Bonghi.",1999-09-28,,data/processed/pretraining/ll_bembo_asolani.txt,,,extract primary text from Liber Liber TXT archive and remove edition paratext,,Preserve the prose dialogue; exclude any edition-level material outside the primary text.,Renaissance literary prose and dialogue.
ll_bembo_prose_volgar_lingua,Prose della volgar lingua,Pietro Bembo,Liber Liber,Liber Liber / Progetto Manuzio,https://liberliber.it/autori/autori-b/pietro-bembo/prose-della-volgar-lingua/,,,Italian,tier_c_1401_1600,1525,linguistic prose dialogue and treatise,prose,include_probe,Underlying Renaissance work is out of copyright; digital edition is Creative Commons licensed.,"Liber Liber digital edition license: CC BY-NC-SA 4.0; attribution, non-commercial use, and share-alike apply; https://creativecommons.org/licenses/by-nc-sa/4.0/","TEA 1989 edition licensed from UTET 1966 and edited by Carlo Dionisotti; digitization Claudio Paganelli; publication Alberto Barberi; revision Giuseppe Bonghi.",1999-09-28,,data/processed/pretraining/ll_bembo_prose_volgar_lingua.txt,,,extract primary text from Liber Liber TXT archive and remove edition paratext,,Preserve linguistic examples that belong to the treatise; exclude edition metadata.,Directly relevant historical discussion of Italian literary language.
ll_castiglione_cortegiano,Il libro del Cortegiano,Baldassarre Castiglione,Liber Liber,Liber Liber / Progetto Manuzio,https://liberliber.it/autori/autori-c/baldassarre-castiglione/il-libro-del-cortegiano/,,,Italian,tier_c_1401_1600,1528,courtly prose dialogue,prose,include_probe,Underlying Renaissance work is out of copyright; digital edition is Creative Commons licensed.,"Liber Liber digital edition license: CC BY-NC-SA 4.0; attribution, non-commercial use, and share-alike apply; https://creativecommons.org/licenses/by-nc-sa/4.0/","Einaudi 1965 edition edited by Giulio Preti; publication right acknowledged to Giuseppe Bonghi and Biblioteca dei Classici Italiani; digitization and revision Giuseppe Bonghi; publication Alberto Barberi.",1999-03-19,,data/processed/pretraining/ll_castiglione_cortegiano.txt,,,extract primary text from Liber Liber TXT archive and remove edition paratext,,Preserve the prose dialogue; remove source acknowledgements and edition metadata.,Major Renaissance dialogue and courtly prose source.
ll_cellini_vita,La Vita,Benvenuto Cellini,Liber Liber,Liber Liber / Progetto Manuzio,https://liberliber.it/autori/autori-c/benvenuto-cellini/la-vita/,,,Italian,tier_c_1401_1600,1558-1566,autobiographical prose,prose,defer,Underlying Renaissance work is out of copyright; digital edition is Creative Commons licensed.,"Liber Liber digital edition license: CC BY-NC-SA 4.0; attribution, non-commercial use, and share-alike apply; https://creativecommons.org/licenses/by-nc-sa/4.0/","Einaudi 1973 edition edited by Guido Davico Bonino; digitization Catia Righi; revision Claudio Paganelli.",1997-11-08,,data/processed/pretraining/ll_cellini_vita.txt,,excluded,extract primary text from Liber Liber TXT archive and remove edition paratext,,Preserve colloquial autobiographical prose; remove edition metadata.,Deferred on 2026-07-07 because the only supported TXT ZIP raises a Bad CRC-32 error; reconsider if Liber Liber repairs the archive or an approved RTF extractor is added.
ll_machiavelli_discorsi,Discorsi sopra la prima Deca di Tito Livio,Niccolò Machiavelli,Liber Liber,Liber Liber / Progetto Manuzio,https://liberliber.it/autori/autori-m/niccol-machiavelli/discorsi-sopra-la-prima-deca-di-tito-livio/,,,Italian,tier_c_1401_1600,c. 1513-1519,political and historical prose,prose,include_probe,Underlying Renaissance work is out of copyright; digital edition is Creative Commons licensed.,"Liber Liber digital edition license: CC BY-NC-SA 4.0; attribution, non-commercial use, and share-alike apply; https://creativecommons.org/licenses/by-nc-sa/4.0/","Sansoni 1971 Tutte le opere edited by Mario Martelli; digitization Claudio Paganelli; layout Carlo F. Traverso and Ugo Santamaria; publication and revision Claudio Paganelli and Ugo Santamaria.",1998-01-10,,data/processed/pretraining/ll_machiavelli_discorsi.txt,,,extract primary text from Liber Liber ODT and remove edition paratext,,Preserve primary-text spelling and punctuation; exclude modern metadata.,Large political prose work.
ll_machiavelli_istorie_fiorentine,Istorie fiorentine,Niccolò Machiavelli,Liber Liber,Liber Liber / Progetto Manuzio,https://liberliber.it/autori/autori-m/niccol-machiavelli/istorie-fiorentine/,,,Italian,tier_c_1401_1600,c. 1520-1525,historical prose,prose,include_probe,Underlying Renaissance work is out of copyright; digital edition is Creative Commons licensed.,"Liber Liber digital edition license: CC BY-NC-SA 4.0; attribution, non-commercial use, and share-alike apply; https://creativecommons.org/licenses/by-nc-sa/4.0/","Sansoni 1971 Niccolò Machiavelli: Tutte le opere; digitization and revision Claudio Paganelli.",1998-04-19,,data/processed/pretraining/ll_machiavelli_istorie_fiorentine.txt,,,extract primary text from Liber Liber TXT archive and remove edition paratext,,Preserve primary-text spelling and punctuation; exclude modern metadata.,Historical prose distinct from the political treatises.
ll_machiavelli_arte_guerra,Dell'arte della guerra,Niccolò Machiavelli,Liber Liber,Liber Liber / Progetto Manuzio,https://liberliber.it/autori/autori-m/niccol-machiavelli/dellarte-della-guerra/,,,Italian,tier_c_1401_1600,1519-1520,military and political prose dialogue,prose,include_probe,Underlying Renaissance work is out of copyright; digital edition is Creative Commons licensed.,"Liber Liber digital edition license: CC BY-NC-SA 4.0; attribution, non-commercial use, and share-alike apply; https://creativecommons.org/licenses/by-nc-sa/4.0/","Sansoni 1971 Niccolò Machiavelli: Tutte le opere; digitization and revision Claudio Paganelli.",1997-12-13,,data/processed/pretraining/ll_machiavelli_arte_guerra.txt,,,extract primary text from Liber Liber TXT archive and remove edition paratext,,Preserve the primary prose dialogue; exclude modern metadata.,Prose dialogue with technical and political vocabulary.
ll_machiavelli_principe,Il Principe,Niccolò Machiavelli,Liber Liber,Liber Liber / Progetto Manuzio,https://liberliber.it/autori/autori-m/niccol-machiavelli/il-principe/,,,Italian,tier_c_1401_1600,1513,political treatise,prose,include_probe,Underlying Renaissance work is out of copyright; digital edition is Creative Commons licensed.,"Liber Liber digital edition license: CC BY-NC-SA 4.0; attribution, non-commercial use, and share-alike apply; https://creativecommons.org/licenses/by-nc-sa/4.0/","Einaudi 1972 seventh edition with introduction and notes by Federico Chabod and edited by Luigi Firpo; digitization Dario Benedetti, Marco Capoduro, Paola Lanza, Luca Padulazzi, Claudio Paganelli, Ombretta Polvara, and Sergio Seghetti; layout Alessandro Levati; publication Alberto Barberi; revision Claudio Paganelli and Franco Perini.",2013-06-06,,data/processed/pretraining/ll_machiavelli_principe.txt,,,extract primary text from Liber Liber ODT and remove edition paratext,,Exclude the modern introduction and notes; preserve Machiavelli's primary text.,Shorter canonical political prose included for stylistic coverage.
ll_guicciardini_storia_italia,Storia d'Italia,Francesco Guicciardini,Liber Liber,Liber Liber / Progetto Manuzio,https://liberliber.it/autori/autori-g/francesco-guicciardini/storia-ditalia/,,,Italian,tier_c_1401_1600,c. 1537-1540,historical prose,prose,include_probe,Underlying Renaissance work is out of copyright; digital edition is Creative Commons licensed.,"Liber Liber digital edition license: CC BY-NC-SA 4.0; attribution, non-commercial use, and share-alike apply; https://creativecommons.org/licenses/by-nc-sa/4.0/","Einaudi 1971 three-volume edition edited by Silvana Seidel Menchi with an introductory essay by Felix Gilbert; digitization Claudio Paganelli, Sergio Seghetti, and Carlo F. Traverso; layout Carlo F. Traverso and Ugo Santamaria; publication and revision Claudio Paganelli and Ugo Santamaria.",2018-03-20,,data/processed/pretraining/ll_guicciardini_storia_italia.txt,,,extract primary text from Liber Liber ODT and remove edition paratext,,Exclude the modern introductory essay and edition metadata; preserve the historical text.,Very large Renaissance history and major scale source.
ll_guicciardini_storie_fiorentine,Storie Fiorentine dal 1378 al 1509,Francesco Guicciardini,Liber Liber,Liber Liber / Progetto Manuzio,https://liberliber.it/autori/autori-g/francesco-guicciardini/storie-fiorentine-dal-1378-al-1509/,,,Italian,tier_c_1401_1600,1508-1509,historical prose,prose,include_probe,Underlying Renaissance work is out of copyright; digital edition is Creative Commons licensed.,"Liber Liber digital edition license: CC BY-NC-SA 4.0; attribution, non-commercial use, and share-alike apply; https://creativecommons.org/licenses/by-nc-sa/4.0/","Edipem 1974 Storie fiorentine; Ricordi edition; digitization Claudio Paganelli and Mauro Bianchi; layout Mauro Bianchi and Rosario Di Mauro; publication Alberto Barberi and Ugo Santamaria; revision Claudio Paganelli and Ugo Santamaria.",2018-06-14,,data/processed/pretraining/ll_guicciardini_storie_fiorentine.txt,,,extract primary text from Liber Liber ODT and remove edition paratext,,Preserve the primary historical text; remove edition metadata.,Earlier historical work distinct from Storia d'Italia.
ll_guicciardini_discorsi_politici,Discorsi politici,Francesco Guicciardini,Liber Liber,Liber Liber / Progetto Manuzio,https://liberliber.it/autori/autori-g/francesco-guicciardini/discorsi-politici/,,,Italian,tier_c_1401_1600,early XVI secolo,political prose,prose,include_probe,Underlying Renaissance work is out of copyright; digital edition is Creative Commons licensed.,"Liber Liber digital edition license: CC BY-NC-SA 4.0; attribution, non-commercial use, and share-alike apply; https://creativecommons.org/licenses/by-nc-sa/4.0/","Laterza 1933 Opere volume VIII edited by Roberto Palmarocchi; digitization Claudio Paganelli; publication Alberto Barberi; revision Marina De Stasio.",2000-06-14,,data/processed/pretraining/ll_guicciardini_discorsi_politici.txt,,,extract primary text from Liber Liber TXT archive and remove edition paratext,,Preserve primary political prose; remove edition metadata.,Adds shorter political discourses without duplicating the histories.
ll_guicciardini_ricordi,Ricordi,Francesco Guicciardini,Liber Liber,Liber Liber / Progetto Manuzio,https://liberliber.it/autori/autori-g/francesco-guicciardini/ricordi/,,,Italian,tier_c_1401_1600,1512-1530,political and moral prose aphorisms,prose,include_probe,Underlying Renaissance work is out of copyright; digital edition is Creative Commons licensed.,"Liber Liber digital edition license: CC BY-NC-SA 4.0; attribution, non-commercial use, and share-alike apply; https://creativecommons.org/licenses/by-nc-sa/4.0/","Laterza 1933 Opere volume VIII edited by Roberto Palmarocchi; digitization Matteo Sommaruga and Claudio Paganelli; publication Alberto Barberi; revision Claudio Paganelli and Marina De Stasio.",2000-06-14,,data/processed/pretraining/ll_guicciardini_ricordi.txt,,,extract primary text from Liber Liber TXT archive and remove edition paratext,,Preserve numbered aphoristic structure; remove edition metadata.,Short-form political and moral prose.
ll_vasari_vite_1568,"Le vite dei più eccellenti pittori, scultori e architetti",Giorgio Vasari,Liber Liber,Liber Liber / Progetto Manuzio,https://liberliber.it/autori/autori-v/giorgio-vasari/le-vite-dei-piu-eccellenti-pittori-scultori-e-architetti/,,,Italian,tier_c_1401_1600,1568,artist biographies and art-historical prose,prose,include_probe,Underlying Renaissance work is out of copyright; digital edition is Creative Commons licensed.,"Liber Liber digital edition license: CC BY-NC-SA 4.0; attribution, non-commercial use, and share-alike apply; https://creativecommons.org/licenses/by-nc-sa/4.0/","Newton Compton 1997 edition of the expanded 1568 Giunti text; digitization Stefano D'Urso and Catia Righi; layout Carlo F. Traverso and Rosario Di Mauro; publication Catia Righi and Ugo Santamaria; revision Stefano D'Urso, Catia Righi, and Ugo Santamaria.",2017-09-05,,data/processed/pretraining/ll_vasari_vite_1568.txt,,,extract primary text from Liber Liber ODT and remove edition paratext,,Exclude modern metadata; preserve the complete 1568 primary text.,Use only the expanded 1568 edition; exclude the overlapping 1550 edition to prevent duplication.
ll_masuccio_novellino,Il Novellino,Masuccio Salernitano,Liber Liber,Liber Liber / Progetto Manuzio,https://liberliber.it/autori/autori-m/masuccio-salernitano/il-novellino/,,,Italian,tier_c_1401_1600,1476,prose novelle,prose,include_probe,Underlying Renaissance work is out of copyright; digital edition is Creative Commons licensed.,"Liber Liber digital edition license: CC BY-NC-SA 4.0; attribution, non-commercial use, and share-alike apply; https://creativecommons.org/licenses/by-nc-sa/4.0/","Morano 1874 edition restored by Luigi Settembrini; digitization and layout Cristina Rosanda; publication Claudio Paganelli and Claudia Pantanetti; revision Gabriella Dodero.",2025-04-30,,data/processed/pretraining/ll_masuccio_novellino.txt,,,extract primary text from Liber Liber ODT and remove edition paratext,,Exclude Settembrini's modern introduction and edition metadata; preserve the 50 primary novelle.,High-value fifteenth-century southern Italian prose with regional features; document misogynistic and violent source content in the dataset card.
ll_ramusio_navigazioni_viaggi,Navigazioni e Viaggi,Giovan Battista Ramusio,Liber Liber,Liber Liber / Progetto Manuzio,https://liberliber.it/autori/autori-r/giovan-battista-ramusio/navigazioni-e-viaggi/,,,Italian,tier_c_1401_1600,1550-1559,geographical and travel prose compilation,prose,include_probe,Underlying Renaissance work is out of copyright; digital edition is Creative Commons licensed.,"Liber Liber digital edition license: CC BY-NC-SA 4.0; attribution, non-commercial use, and share-alike apply; https://creativecommons.org/licenses/by-nc-sa/4.0/","Einaudi 1978-1988 six-volume edition edited by Marica Milanesi; digitization and revision Claudio Paganelli; publication Marco Calvo.",1999-06-03,,data/processed/pretraining/ll_ramusio_navigazioni_viaggi.txt,,,extract primary text from Liber Liber TXT archive and remove edition paratext,,Exclude modern editorial matter; preserve the sixteenth-century Italian primary compilation.,Large compilation of more than 50 travel accounts translated or edited into Italian; track as a compilation and cap its sampling weight if it dominates the corpus.
ws_galileo_saggiatore,Il Saggiatore,Galileo Galilei,Italian Wikisource,Italian Wikisource,https://it.wikisource.org/wiki/Il_Saggiatore,,,Italian,tier_d_post_1600,1623,scientific essay,prose,include_probe,Underlying work is public domain; Wikisource transcription reports CC BY-SA 3.0 and GFDL rights.,"Italian Wikisource work page reports CC BY-SA 3.0 and GFDL; retain attribution, source URL, and revision or dump date.",Favaro edition metadata requires confirmation during extraction.,,,data/local/pretraining/expanded_italian_1200_1800_v1/sources/ws_galileo_saggiatore.txt,,,render only committed Wikisource revisions and strip navigation/scan wrappers,,Extract the audited 55-page work collection and preserve historical spelling.,Activated on 2026-07-15 for expanded_italian_1200_1800_v1 only; committed snapshot records the audited root and all subpage revisions.
ws_galileo_dialogo,Dialogo sopra i due massimi sistemi del mondo tolemaico e copernicano,Galileo Galilei,Italian Wikisource,Italian Wikisource,https://it.wikisource.org/wiki/Dialogo_sopra_i_due_massimi_sistemi_del_mondo_tolemaico_e_copernicano,,,Italian,tier_d_post_1600,1632,scientific dialogue prose,prose,include_probe,Underlying work is public domain; Wikisource collection reports CC BY-SA 3.0 and GFDL rights.,"Italian Wikisource collection reports CC BY-SA 3.0 and GFDL; retain attribution, collection URL, and revision or dump date.",1897 Favaro edition collection includes related works and fragments.,,,data/local/pretraining/expanded_italian_1200_1800_v1/sources/ws_galileo_dialogo.txt,,,render only committed Wikisource revisions and strip navigation/scan wrappers,,Extract only the audited Dedica Al discreto lettore and four Giornate.,Activated on 2026-07-15 for expanded_italian_1200_1800_v1 only; explicit snapshot excludes indexes fragments collection material and Latin text.
ws_vico_scienza_nuova,La scienza nuova,Giambattista Vico,Italian Wikisource,Italian Wikisource,https://it.wikisource.org/wiki/La_scienza_nuova_-_Volume_I,,,Italian,tier_d_post_1600,1744,philosophical and historical prose,prose,defer,Underlying work is public domain; Wikisource-derived transcription requires attribution and license retention.,"Retain Italian Wikisource attribution, source URL, revision or dump date, and page-level license metadata.",1911 edition based on 1744 text embeds variants and historical notes in the rendered primary prose.,,,data/local/pretraining/processed/sources/ws_vico_scienza_nuova.txt,,,do not build from this annotated Wikisource edition,,Do not train on the mixed primary text and editorial material.,Deferred on 2026-07-16 after a revision-pinned 27-page audit found 124 bracketed markers and 23 Si veda references in the cleaned text.
ll_vico_principj_scienza_nuova,Principj di scienza nuova,Giambattista Vico,Liber Liber,Liber Liber / Progetto Manuzio,https://liberliber.it/autori/autori-v/giambattista-vico/principj-di-scienza-nuova-dintorno-alla-comune-natura-delle-nazioni-in-questa-terza-impressione-dal-medesimo-autore-in-un-gran-numero-di-luoghi-corretta-schiarita-e-notabilmente-accresciuta/,https://www.liberliber.eu/mediateca/libri/v/vico/principj_di_scienza_nuova_etc/txt/principj.zip,,Italian,tier_d_post_1600,1744,philosophical and historical prose,prose,include_probe,Underlying 1744 work is public domain; Liber Liber digital edition is Creative Commons licensed.,"Liber Liber digital edition license: CC BY-NC-SA 4.0; attribution, non-commercial use, and share-alike apply; https://creativecommons.org/licenses/by-nc-sa/4.0/",G. B. Vico Opere edited by Paolo Rossi Classici Rizzoli Milan 1959; digitization and revision Claudio Paganelli; publication Redazione Liber Liber.,1997-11-07,,data/local/pretraining/expanded_italian_1200_1800_v1/sources/ll_vico_principj_scienza_nuova.txt,,,extract the TXT ZIP remove standard Liber Liber wrapper text and remove one exact standalone figure placeholder,,Preserve primary-text spelling punctuation and the historical bracketed timeline labels.,Activated on 2026-07-16 for expanded_italian_1200_1800_v1 after audit; remove only the exact standalone [inserisci figura1] front-matter placeholder; retain 64 historical bracketed timeline labels; no Si veda references found.
ws_beccaria_delitti_pene,Dei delitti e delle pene,Cesare Beccaria,Italian Wikisource,Italian Wikisource,https://it.wikisource.org/wiki/Opera%3ADei_delitti_e_delle_pene,,,Italian,tier_d_post_1600,1764,legal and philosophical prose,prose,audit_then_include,Underlying work is public domain; Wikisource work page reports Creative Commons Attribution-ShareAlike terms.,"Retain Italian Wikisource attribution, source URL, revision or dump date, and page-level license metadata.",Use one Italian edition and exclude Voltaire commentary and other related works.,,,data/local/pretraining/processed/sources/ws_beccaria_delitti_pene.txt,,,use a fixed Wikisource export or dump subset and strip navigation/scan wrappers,,Keep only Beccaria primary chapters.,Candidate for expanded_italian_1200_1800 only; audit complete chapter coverage before activation.
ws_giannone_istoria_civile_vol1,Istoria civile del Regno di Napoli volume 1,Pietro Giannone,Italian Wikisource,Italian Wikisource,https://it.wikisource.org/wiki/Indice%3AGiannone_-_Istoria_civile_del_regno_di_Napoli%2C_1770%2C_Vol.1.djvu,,,Italian,tier_d_post_1600,1723; source edition 1770,historical and legal prose,prose,audit_then_include,Underlying work and 1770 scan are public domain; Wikisource-derived transcription requires attribution and license retention.,"Retain Italian Wikisource attribution, source URL, revision or dump date, and page-level license metadata.",Wikisource index exposes TXT EPUB PDF and RTF exports for the 1770 source edition.,,,data/local/pretraining/processed/sources/ws_giannone_istoria_civile_vol1.txt,,,use the indexed work export and strip title pages navigation and scan wrappers,,Audit completeness and boundaries of volume 1 before considering further volumes.,Candidate for expanded_italian_1200_1800 only; treat each later volume as a separate manifest row.
ws_giannone_istoria_civile_vol2,Istoria civile del Regno di Napoli volume 2,Pietro Giannone,Italian Wikisource,Italian Wikisource,https://it.wikisource.org/wiki/Indice%3AGiannone_-_Istoria_civile_del_regno_di_Napoli%2C_1770%2C_Vol.2.djvu,,,Italian,tier_d_post_1600,1723; source edition 1770,historical and legal prose,prose,audit_then_include,Underlying work and 1770 scan are public domain; Wikisource-derived transcription requires attribution and license retention.,"Retain Italian Wikisource attribution, source URL, revision or dump date, and page-level license metadata.",Wikisource index exposes TXT EPUB PDF and RTF exports for the 1770 source edition.,,,data/local/pretraining/processed/sources/ws_giannone_istoria_civile_vol2.txt,,,use the indexed work export and strip title pages navigation and scan wrappers,,Audit completeness and boundaries of volume 2 before considering activation.,Candidate for expanded_italian_1200_1800 only; this is an audit-only row.
ws_giannone_istoria_civile_vol3,Istoria civile del Regno di Napoli volume 3,Pietro Giannone,Italian Wikisource,Italian Wikisource,https://it.wikisource.org/wiki/Indice%3AGiannone_-_Istoria_civile_del_regno_di_Napoli%2C_1770%2C_Vol.3.djvu,,,Italian,tier_d_post_1600,1723; source edition 1770,historical and legal prose,prose,audit_then_include,Underlying work and 1770 scan are public domain; Wikisource-derived transcription requires attribution and license retention.,"Retain Italian Wikisource attribution, source URL, revision or dump date, and page-level license metadata.",Wikisource index exposes TXT EPUB PDF and RTF exports for the 1770 source edition.,,,data/local/pretraining/processed/sources/ws_giannone_istoria_civile_vol3.txt,,,use the indexed work export and strip title pages navigation and scan wrappers,,Audit completeness and boundaries of volume 3 before considering activation.,Candidate for expanded_italian_1200_1800 only; this is an audit-only row.
ws_giannone_istoria_civile_vol4,Istoria civile del Regno di Napoli volume 4,Pietro Giannone,Italian Wikisource,Italian Wikisource,https://it.wikisource.org/wiki/Indice%3AGiannone_-_Istoria_civile_del_regno_di_Napoli%2C_1770%2C_Vol.4.djvu,,,Italian,tier_d_post_1600,1723; source edition 1770,historical and legal prose,prose,audit_then_include,Underlying work and 1770 scan are public domain; Wikisource-derived transcription requires attribution and license retention.,"Retain Italian Wikisource attribution, source URL, revision or dump date, and page-level license metadata.",Wikisource index exposes TXT EPUB PDF and RTF exports for the 1770 source edition.,,,data/local/pretraining/processed/sources/ws_giannone_istoria_civile_vol4.txt,,,use the indexed work export and strip title pages navigation and scan wrappers,,Audit completeness and boundaries of volume 4 before considering activation.,Candidate for expanded_italian_1200_1800 only; this is an audit-only row.
ws_giannone_istoria_civile_vol5,Istoria civile del Regno di Napoli volume 5,Pietro Giannone,Italian Wikisource,Italian Wikisource,https://it.wikisource.org/wiki/Indice%3AGiannone_-_Istoria_civile_del_regno_di_Napoli%2C_1770%2C_Vol.5.djvu,,,Italian,tier_d_post_1600,1723; source edition 1770,historical and legal prose,prose,audit_then_include,Underlying work and 1770 scan are public domain; Wikisource-derived transcription requires attribution and license retention.,"Retain Italian Wikisource attribution, source URL, revision or dump date, and page-level license metadata.",Wikisource index exposes TXT EPUB PDF and RTF exports for the 1770 source edition.,,,data/local/pretraining/processed/sources/ws_giannone_istoria_civile_vol5.txt,,,use the indexed work export and strip title pages navigation and scan wrappers,,Audit completeness and boundaries of volume 5 before considering activation.,Candidate for expanded_italian_1200_1800 only; this is an audit-only row.
ws_sarpi_istoria_concilio,Istoria del Concilio tridentino,Paolo Sarpi,Italian Wikisource,Italian Wikisource,https://it.wikisource.org/wiki/Istoria_del_Concilio_tridentino,,,Italian,tier_d_post_1600,1619,historical and religious prose,prose,audit_then_include,Underlying 1619 work is public domain; Wikisource transcription reports CC BY-SA 3.0 and GFDL rights.,"Retain Italian Wikisource attribution, work URL, revision or dump date, and CC BY-SA 3.0/GFDL metadata.",Wikisource presents a 1935 Giovanni Gambarin edition across three source volumes.,,,data/local/pretraining/processed/sources/ws_sarpi_istoria_concilio.txt,,,render only a revision-pinned approved hierarchy and strip navigation/scan wrappers,,Separate primary Sarpi text from any editorial apparatus before activation.,Candidate for expanded_italian_1200_1800 only; audit all eight books and edition boundaries.
ws_verri_storia_milano,Storia di Milano,Pietro Verri,Italian Wikisource,Italian Wikisource,https://it.wikisource.org/wiki/Storia_di_Milano,,,Italian,tier_d_post_1600,1783,historical prose,prose,audit_then_include,Underlying work is public domain; Wikisource transcription reports Creative Commons Attribution-ShareAlike terms.,"Retain Italian Wikisource attribution, source URL, revision or dump date, and page-level license metadata.",Wikisource identifies an 1834 Società Tipografica de' Classici Italiani source edition.,,,data/local/pretraining/processed/sources/ws_verri_storia_milano.txt,,,render only revision-pinned primary pages and strip navigation/scan wrappers,,Exclude title and edition paratext where separable; preserve Verri's historical prose.,Candidate for expanded_italian_1200_1800 only; inspect full hierarchy and source-edition boundaries.
ws_verri_osservazioni_tortura,Osservazioni sulla tortura,Pietro Verri,Italian Wikisource,Italian Wikisource,https://it.wikisource.org/wiki/Osservazioni_sulla_tortura,,,Italian,tier_d_post_1600,1769,legal and philosophical prose,prose,audit_then_include,Underlying work is public domain; Wikisource transcription reports CC BY-SA 3.0 and GFDL rights.,"Retain Italian Wikisource attribution, source URL, revision or dump date, and CC BY-SA 3.0/GFDL metadata.",Wikisource relates the transcription to a Milan 1843 source edition.,,,data/local/pretraining/processed/sources/ws_verri_osservazioni_tortura.txt,,,render only revision-pinned primary pages and strip navigation/scan wrappers,,Preserve primary prose while recording embedded quotations or historical documents.,Candidate for expanded_italian_1200_1800 only; audit marker density and primary-text boundary.
ws_verri_meditazioni_economia,Meditazioni sulla economia politica,Pietro Verri,Italian Wikisource,Italian Wikisource,https://it.wikisource.org/wiki/Meditazioni_sulla_economia_politica,,,Italian,tier_d_post_1600,1771,economic and political prose,prose,audit_then_include,Underlying work is public domain; Wikisource transcription reports Creative Commons Attribution-ShareAlike terms.,"Retain Italian Wikisource attribution, source URL, revision or dump date, and page-level license metadata.",Use only the unannotated work hierarchy to avoid duplicate annotated-edition text.,,,data/local/pretraining/processed/sources/ws_verri_meditazioni_economia.txt,,,render only revision-pinned primary pages and strip navigation/scan wrappers,,Do not combine this row with the annotated edition in the same corpus.,Candidate for expanded_italian_1200_1800 only; verify all selected chapter pages are primary text.
ws_verri_discorso_piacere,Discorso sull'indole del piacere e del dolore,Pietro Verri,Italian Wikisource,Italian Wikisource,https://it.wikisource.org/wiki/Discorso_sull%27indole_del_piacere_e_del_dolore,,,Italian,tier_d_post_1600,1773,philosophical prose,prose,audit_then_include,Underlying work is public domain; Wikisource transcription reports CC BY-SA 3.0 and GFDL rights.,"Retain Italian Wikisource attribution, source URL, revision or dump date, and CC BY-SA 3.0/GFDL metadata.",Wikisource identifies the work as complete and presents a chapter hierarchy.,,,data/local/pretraining/processed/sources/ws_verri_discorso_piacere.txt,,,render only revision-pinned primary pages and strip navigation/scan wrappers,,Preserve primary prose and exclude interface/title wrappers.,Candidate for expanded_italian_1200_1800 only; audit all chapters and boundary samples before activation.
